column,count,mean,median,std,min,p1,p5,p25,p75,p95,p99,max,skewness,kurtosis
bio_age_5_17,1861108,18.390579697685464,3.0,83.70420942837686,0,0.0,0.0,1.0,11.0,61.0,298.0,8002,19.3306112707555,709.5178588659878
bio_age_17_,1861108,19.094131023024993,4.0,88.0650181579475,0,0.0,0.0,1.0,10.0,62.0,324.0,7625,18.078174461895486,609.1414466254101
