column,count,mean,median,std,min,p1,p5,p25,p75,p95,p99,max,skewness,kurtosis
demo_age_5_17,1571700,2.1794814532035374,1.0,12.987463171780053,0,0.0,0.0,0.0,2.0,7.0,19.0,2690,40.910548084129296,3554.9416234669466
demo_age_17_,1571700,20.089501813323153,6.0,112.40185920962863,0,0.0,1.0,2.0,15.0,59.0,198.0,16166,37.281554708192324,2641.315892061205
