column,count,mean,median,std,min,p1,p5,p25,p75,p95,p99,max,skewness,kurtosis
age_0_5,1006029,3.5257085034328037,2.0,17.538511092101224,0,0.0,0.0,1.0,3.0,10.0,23.0,2688,43.92084246161816,3105.527170147421
age_5_17,1006029,1.7100739640706182,0.0,14.369625315624614,0,0.0,0.0,0.0,1.0,6.0,14.0,1812,41.89994625772975,2477.0378087890886
age_18_greater,1006029,0.16734408252644806,0.0,3.220525269838452,0,0.0,0.0,0.0,0.0,0.0,2.0,855,87.85456330550952,12918.492872952207
